id;ruolo;nome;squadra;partiteGiocate;mediaVoto;mediaFantaVoto;goalFatti;goalSubiti;rp;rc;r+;r-;assist;asf;ammonizioni;espulsioni;autoGoal;isFavorite
3;P;RADUNOVIC;Atalanta;0;0;0;0;0;0;0;0;0;0;0;0;0;0;false
4;P;SPORTIELLO;Atalanta;0;0;0;0;0;0;0;0;0;0;0;0;0;0;false
11;D;CONTI;Parma;0;0;0;0;0;0;0;0;0;0;0;0;0;0;false
15;D;MASIELLO;Genoa;0;0;0;0;0;0;0;0;0;0;0;0;0;0;false
20;C;CIGARINI;Crotone;0;0;0;0;0;0;0;0;0;0;0;0;0;0;false
22;C;DE ROON;Atalanta;0;0;0;0;0;0;0;0;0;0;0;0;0;0;false
26;C;GOMEZ;Atalanta;0;0;0;0;0;0;0;0;0;0;0;0;0;0;false
27;C;GRASSI;Parma;0;0;0;0;0;0;0;0;0;0;0;0;0;0;false
28;C;KURTIC;Parma;0;0;0;0;0;0;0;0;0;0;0;0;0;0;false
40;P;DA COSTA;Bologna;0;0;0;0;0;0;0;0;0;0;0;0;0;0;false
41;P;MIRANTE;Roma;0;0;0;0;0;0;0;0;0;0;0;0;0;0;false
42;P;SARR M.;Bologna;0;0;0;0;0;0;0;0;0;0;0;0;0;0;false
45;D;FERRARI A.;Sampdoria;0;0;0;0;0;0;0;0;0;0;0;0;0;0;false
50;D;MBAYE;Bologna;0;0;0;0;0;0;0;0;0;0;0;0;0;0;false
58;C;DIAWARA;Roma;0;0;0;0;0;0;0;0;0;0;0;0;0;0;false
73;D;GAGLIOLO;Parma;0;0;0;0;0;0;0;0;0;0;0;0;0;0;false
74;D;LETIZIA;Benevento;0;0;0;0;0;0;0;0;0;0;0;0;0;0;false
78;D;SPOLLI;Crotone;0;0;0;0;0;0;0;0;0;0;0;0;0;0;false
84;D;MARRONE;Crotone;0;0;0;0;0;0;0;0;0;0;0;0;0;0;false
90;A;LASAGNA;Verona;0;0;0;0;0;0;0;0;0;0;0;0;0;0;false
92;A;MATOS;Udinese;0;0;0;0;0;0;0;0;0;0;0;0;0;0;false
106;D;MATTIELLO;Spezia;0;0;0;0;0;0;0;0;0;0;0;0;0;0;false
115;C;HETEMAJ;Benevento;0;0;0;0;0;0;0;0;0;0;0;0;0;0;false
118;C;RADOVANOVIC;Genoa;0;0;0;0;0;0;0;0;0;0;0;0;0;0;false
123;A;INGLESE;Parma;0;0;0;0;0;0;0;0;0;0;0;0;0;0;false
133;P;SKORUPSKI;Bologna;0;0;0;0;0;0;0;0;0;0;0;0;0;0;false
134;D;BARBA;Benevento;0;0;0;0;0;0;0;0;0;0;0;0;0;0;false
139;D;DERMAKU;Parma;0;0;0;0;0;0;0;0;0;0;0;0;0;0;false
140;D;HYSAJ;Napoli;0;0;0;0;0;0;0;0;0;0;0;0;0;0;false
141;D;LAURINI;Parma;0;0;0;0;0;0;0;0;0;0;0;0;0;0;false
142;D;MARIO RUI;Napoli;0;0;0;0;0;0;0;0;0;0;0;0;0;0;false
144;D;TONELLI;Sampdoria;0;0;0;0;0;0;0;0;0;0;0;0;0;0;false
148;C;KRUNIC;Milan;0;0;0;0;0;0;0;0;0;0;0;0;0;0;false
150;C;SAPONARA;Spezia;0;0;0;0;0;0;0;0;0;0;0;0;0;0;false
152;C;ZIELINSKI;Napoli;0;0;0;0;0;0;0;0;0;0;0;0;0;0;false
159;P;SEPE;Parma;0;0;0;0;0;0;0;0;0;0;0;0;0;0;false
160;P;TATARUSANU;Milan;0;0;0;0;0;0;0;0;0;0;0;0;0;0;false
170;C;BADELJ;Genoa;0;0;0;0;0;0;0;0;0;0;0;0;0;0;false
172;C;BORJA VALERO;Fiorentina;0;0;0;0;0;0;0;0;0;0;0;0;0;0;false
177;A;ILICIC;Atalanta;0;0;0;0;0;0;0;0;0;0;0;0;0;0;false
179;C;PETRICCIONE;Crotone;0;0;0;0;0;0;0;0;0;0;0;0;0;0;false
181;C;VECINO;Inter;0;0;0;0;0;0;0;0;0;0;0;0;0;0;false
183;A;BABACAR;Sassuolo;0;0;0;0;0;0;0;0;0;0;0;0;0;0;false
184;C;BERNARDESCHI;Juventus;0;0;0;0;0;0;0;0;0;0;0;0;0;0;false
186;A;REBIC;Milan;0;0;0;0;0;0;0;0;0;0;0;0;0;0;false
215;A;VERDE;Spezia;0;0;0;0;0;0;0;0;0;0;0;0;0;0;false
216;P;DONNARUMMA AN.;Milan;0;0;0;0;0;0;0;0;0;0;0;0;0;0;false
218;P;PERIN;Genoa;0;0;0;0;0;0;0;0;0;0;0;0;0;0;false
220;P;UJKANI;Torino;0;0;0;0;0;0;0;0;0;0;0;0;0;0;false
224;D;DE MAIO;Udinese;0;0;0;0;0;0;0;0;0;0;0;0;0;0;false
226;D;IZZO;Torino;0;0;0;0;0;0;0;0;0;0;0;0;0;0;false
234;C;KUCKA;Parma;0;0;0;0;0;0;0;0;0;0;0;0;0;0;false
235;D;LAXALT;Milan;0;0;0;0;0;0;0;0;0;0;0;0;0;0;false
236;C;LAZOVIC;Verona;0;0;0;0;0;0;0;0;0;0;0;0;0;0;false
237;C;PEROTTI;Roma;0;0;0;0;0;0;0;0;0;0;0;0;0;0;false
238;C;RINCON;Torino;0;0;0;0;0;0;0;0;0;0;0;0;0;0;false
244;D;GHIGLIONE;Genoa;0;0;0;0;0;0;0;0;0;0;0;0;0;0;false
245;A;PANDEV;Genoa;0;0;0;0;0;0;0;0;0;0;0;0;0;0;false
247;A;PAVOLETTI;Cagliari;0;0;0;0;0;0;0;0;0;0;0;0;0;0;false
250;P;HANDANOVIC;Inter;0;0;0;0;0;0;0;0;0;0;0;0;0;0;false
252;D;BIRAGHI;Fiorentina;0;0;0;0;0;0;0;0;0;0;0;0;0;0;false
253;D;D'AMBROSIO;Inter;0;0;0;0;0;0;0;0;0;0;0;0;0;0;false
254;D;DIMARCO;Verona;0;0;0;0;0;0;0;0;0;0;0;0;0;0;false
256;D;JUAN JESUS;Roma;0;0;0;0;0;0;0;0;0;0;0;0;0;0;false
261;D;RANOCCHIA;Inter;0;0;0;0;0;0;0;0;0;0;0;0;0;0;false
262;D;SANTON;Roma;0;0;0;0;0;0;0;0;0;0;0;0;0;0;false
264;C;BESSA;Verona;0;0;0;0;0;0;0;0;0;0;0;0;0;0;false
265;C;BROZOVIC;Inter;0;0;0;0;0;0;0;0;0;0;0;0;0;0;false
272;C;MEDEL;Bologna;0;0;0;0;0;0;0;0;0;0;0;0;0;0;false
280;A;PALACIO;Bologna;0;0;0;0;0;0;0;0;0;0;0;0;0;0;false
282;P;BUFFON;Juventus;0;0;0;0;0;0;0;0;0;0;0;0;0;0;false
286;D;BONUCCI;Juventus;0;0;0;0;0;0;0;0;0;0;0;0;0;0;false
287;D;CACERES;Fiorentina;0;0;0;0;0;0;0;0;0;0;0;0;0;0;false
288;D;CHIELLINI;Juventus;0;0;0;0;0;0;0;0;0;0;0;0;0;0;false
294;D;RUGANI;Cagliari;0;0;0;0;0;0;0;0;0;0;0;0;0;0;false
295;D;ASAMOAH;Cagliari;0;0;0;0;0;0;0;0;0;0;0;0;0;0;false
299;C;KHEDIRA;Juventus;0;0;0;0;0;0;0;0;0;0;0;0;0;0;false
302;C;PEREYRA;Udinese;0;0;0;0;0;0;0;0;0;0;0;0;0;0;false
305;C;STURARO;Verona;0;0;0;0;0;0;0;0;0;0;0;0;0;0;false
306;A;CERRI;Cagliari;0;0;0;0;0;0;0;0;0;0;0;0;0;0;false
309;A;DYBALA;Juventus;0;0;0;0;0;0;0;0;0;0;0;0;0;0;false
311;A;LLORENTE;Udinese;0;0;0;0;0;0;0;0;0;0;0;0;0;0;false
312;A;MANDZUKIC;Milan;0;0;0;0;0;0;0;0;0;0;0;0;0;0;false
313;A;MORATA;Juventus;0;0;0;0;0;0;0;0;0;0;0;0;0;0;false
315;A;ZAZA;Torino;0;0;0;0;0;0;0;0;0;0;0;0;0;0;false
318;P;MARCHETTI;Genoa;0;0;0;0;0;0;0;0;0;0;0;0;0;0;false
322;D;DE VRIJ;Inter;0;0;0;0;0;0;0;0;0;0;0;0;0;0;false
324;D;HOEDT;Lazio;0;0;0;0;0;0;0;0;0;0;0;0;0;0;false
327;D;PATRIC;Lazio;0;0;0;0;0;0;0;0;0;0;0;0;0;0;false
329;D;RADU;Lazio;0;0;0;0;0;0;0;0;0;0;0;0;0;0;false
332;C;CANDREVA;Sampdoria;0;0;0;0;0;0;0;0;0;0;0;0;0;0;false
333;C;CATALDI;Lazio;0;0;0;0;0;0;0;0;0;0;0;0;0;0;false
338;C;LULIC;Lazio;0;0;0;0;0;0;0;0;0;0;0;0;0;0;false
342;C;PAROLO;Lazio;0;0;0;0;0;0;0;0;0;0;0;0;0;0;false
345;A;KEITA B.;Sampdoria;0;0;0;0;0;0;0;0;0;0;0;0;0;0;false
350;P;DONNARUMMA G.;Milan;0;0;0;0;0;0;0;0;0;0;0;0;0;0;false
357;D;CALABRIA;Milan;0;0;0;0;0;0;0;0;0;0;0;0;0;0;false
358;D;DE SCIGLIO;Juventus;0;0;0;0;0;0;0;0;0;0;0;0;0;0;false
365;D;ZAPATA C.;Genoa;0;0;0;0;0;0;0;0;0;0;0;0;0;0;false
367;C;BONAVENTURA;Fiorentina;0;0;0;0;0;0;0;0;0;0;0;0;0;0;false
374;C;POLI;Bologna;0;0;0;0;0;0;0;0;0;0;0;0;0;0;false
376;C;VERDI;Torino;0;0;0;0;0;0;0;0;0;0;0;0;0;0;false
383;A;PETAGNA;Napoli;0;0;0;0;0;0;0;0;0;0;0;0;0;0;false
387;P;REINA;Lazio;0;0;0;0;0;0;0;0;0;0;0;0;0;0;false
390;D;GHOULAM;Napoli;0;0;0;0;0;0;0;0;0;0;0;0;0;0;false
392;D;KOULIBALY;Napoli;0;0;0;0;0;0;0;0;0;0;0;0;0;0;false
393;D;LUPERTO;Crotone;0;0;0;0;0;0;0;0;0;0;0;0;0;0;false
394;D;MAGGIO;Benevento;0;0;0;0;0;0;0;0;0;0;0;0;0;0;false
397;C;ALLAN;Napoli;0;0;0;0;0;0;0;0;0;0;0;0;0;0;false
400;C;DEZI;Parma;0;0;0;0;0;0;0;0;0;0;0;0;0;0;false
406;C;CALLEJON;Fiorentina;0;0;0;0;0;0;0;0;0;0;0;0;0;0;false
407;A;GABBIADINI;Sampdoria;0;0;0;0;0;0;0;0;0;0;0;0;0;0;false
408;A;HIGUAIN;Juventus;0;0;0;0;0;0;0;0;0;0;0;0;0;0;false
409;A;INSIGNE;Napoli;0;0;0;0;0;0;0;0;0;0;0;0;0;0;false
410;A;MERTENS;Napoli;0;0;0;0;0;0;0;0;0;0;0;0;0;0;false
412;P;COLOMBI;Parma;0;0;0;0;0;0;0;0;0;0;0;0;0;0;false
418;D;GOLDANIGA;Genoa;0;0;0;0;0;0;0;0;0;0;0;0;0;0;false
423;D;RISPOLI;Crotone;0;0;0;0;0;0;0;0;0;0;0;0;0;0;false
425;D;TERZI;Spezia;0;0;0;0;0;0;0;0;0;0;0;0;0;0;false
428;C;BENALI;Crotone;0;0;0;0;0;0;0;0;0;0;0;0;0;0;false
430;C;BRUGMAN;Parma;0;0;0;0;0;0;0;0;0;0;0;0;0;0;false
434;C;JAJALO;Udinese;0;0;0;0;0;0;0;0;0;0;0;0;0;0;false
440;C;VIOLA;Benevento;0;0;0;0;0;0;0;0;0;0;0;0;0;0;false
441;A;BELOTTI;Torino;0;0;0;0;0;0;0;0;0;0;0;0;0;0;false
447;A;LA GUMINA;Sampdoria;0;0;0;0;0;0;0;0;0;0;0;0;0;0;false
453;P;SZCZESNY;Juventus;0;0;0;0;0;0;0;0;0;0;0;0;0;0;false
454;D;CAPRADOSSI;Spezia;0;0;0;0;0;0;0;0;0;0;0;0;0;0;false
459;D;MANOLAS;Napoli;0;0;0;0;0;0;0;0;0;0;0;0;0;0;false
460;D;ROMAGNOLI;Milan;0;0;0;0;0;0;0;0;0;0;0;0;0;0;false
464;D;FLORENZI;Roma;0;0;0;0;0;0;0;0;0;0;0;0;0;0;false
467;C;NAINGGOLAN;Cagliari;0;0;0;0;0;0;0;0;0;0;0;0;0;0;false
470;C;STROOTMAN;Genoa;0;0;0;0;0;0;0;0;0;0;0;0;0;0;false
472;A;DESTRO;Genoa;0;0;0;0;0;0;0;0;0;0;0;0;0;0;false
474;A;GERVINHO;Parma;0;0;0;0;0;0;0;0;0;0;0;0;0;0;false
475;A;IAGO FALQUE;Benevento;0;0;0;0;0;0;0;0;0;0;0;0;0;0;false
479;A;SANABRIA;Torino;0;0;0;0;0;0;0;0;0;0;0;0;0;0;false
487;D;DE SILVESTRI;Bologna;0;0;0;0;0;0;0;0;0;0;0;0;0;0;false
490;D;REGINI;Sampdoria;0;0;0;0;0;0;0;0;0;0;0;0;0;0;false
495;A;CORREA;Lazio;0;0;0;0;0;0;0;0;0;0;0;0;0;0;false
505;A;BONAZZOLI;Torino;0;0;0;0;0;0;0;0;0;0;0;0;0;0;false
507;A;MURIEL;Atalanta;0;0;0;0;0;0;0;0;0;0;0;0;0;0;false
509;P;CONSIGLI;Sassuolo;0;0;0;0;0;0;0;0;0;0;0;0;0;0;false
510;P;PEGOLO;Sassuolo;0;0;0;0;0;0;0;0;0;0;0;0;0;0;false
513;D;ACERBI;Lazio;0;0;0;0;0;0;0;0;0;0;0;0;0;0;false
514;D;ANTEI;Benevento;0;0;0;0;0;0;0;0;0;0;0;0;0;0;false
517;D;DELL'ORCO;Spezia;0;0;0;0;0;0;0;0;0;0;0;0;0;0;false
519;D;GAZZOLA;Parma;0;0;0;0;0;0;0;0;0;0;0;0;0;0;false
521;D;PELUSO;Sassuolo;0;0;0;0;0;0;0;0;0;0;0;0;0;0;false
526;C;DUNCAN;Cagliari;0;0;0;0;0;0;0;0;0;0;0;0;0;0;false
528;C;MAGNANELLI;Sassuolo;0;0;0;0;0;0;0;0;0;0;0;0;0;0;false
530;C;PELLEGRINI LO.;Roma;0;0;0;0;0;0;0;0;0;0;0;0;0;0;false
531;A;BERARDI;Sassuolo;0;0;0;0;0;0;0;0;0;0;0;0;0;0;false
536;C;POLITANO;Napoli;0;0;0;0;0;0;0;0;0;0;0;0;0;0;false
537;A;SANSONE;Bologna;0;0;0;0;0;0;0;0;0;0;0;0;0;0;false
543;P;PADELLI;Inter;0;0;0;0;0;0;0;0;0;0;0;0;0;0;false
546;D;BRUNO PERES;Roma;0;0;0;0;0;0;0;0;0;0;0;0;0;0;false
548;D;GLIK;Benevento;0;0;0;0;0;0;0;0;0;0;0;0;0;0;false
550;D;MAKSIMOVIC;Napoli;0;0;0;0;0;0;0;0;0;0;0;0;0;0;false
554;D;ZAPPACOSTA;Genoa;0;0;0;0;0;0;0;0;0;0;0;0;0;0;false
556;C;BASELLI;Torino;0;0;0;0;0;0;0;0;0;0;0;0;0;0;false
557;C;BENASSI;Verona;0;0;0;0;0;0;0;0;0;0;0;0;0;0;false
568;A;QUAGLIARELLA;Sampdoria;0;0;0;0;0;0;0;0;0;0;0;0;0;0;false
572;P;MERET;Napoli;0;0;0;0;0;0;0;0;0;0;0;0;0;0;false
574;P;SCUFFET;Udinese;0;0;0;0;0;0;0;0;0;0;0;0;0;0;false
578;D;DANILO LAR.;Bologna;0;0;0;0;0;0;0;0;0;0;0;0;0;0;false
581;D;FARAONI;Verona;0;0;0;0;0;0;0;0;0;0;0;0;0;0;false
589;C;BADU;Verona;0;0;0;0;0;0;0;0;0;0;0;0;0;0;false
600;C;VERRE;Sampdoria;0;0;0;0;0;0;0;0;0;0;0;0;0;0;false
608;A;ZAPATA D.;Atalanta;0;0;0;0;0;0;0;0;0;0;0;0;0;0;false
610;P;GOLLINI;Atalanta;0;0;0;0;0;0;0;0;0;0;0;0;0;0;false
611;P;RAFAEL;Spezia;0;0;0;0;0;0;0;0;0;0;0;0;0;0;false
627;C;IONITA;Benevento;0;0;0;0;0;0;0;0;0;0;0;0;0;0;false
630;D;SALA;Spezia;0;0;0;0;0;0;0;0;0;0;0;0;0;0;false
632;C;ZACCAGNI;Verona;0;0;0;0;0;0;0;0;0;0;0;0;0;0;false
633;C;FARES;Lazio;0;0;0;0;0;0;0;0;0;0;0;0;0;0;false
637;A;SILIGARDI;Crotone;0;0;0;0;0;0;0;0;0;0;0;0;0;0;false
640;D;CHIRICHES;Sassuolo;0;0;0;0;0;0;0;0;0;0;0;0;0;0;false
643;A;DEFREL;Sassuolo;0;0;0;0;0;0;0;0;0;0;0;0;0;0;false
644;C;PULGAR;Fiorentina;0;0;0;0;0;0;0;0;0;0;0;0;0;0;false
645;C;MILINKOVIC-SAVIC;Lazio;0;0;0;0;0;0;0;0;0;0;0;0;0;0;false
647;A;DZEKO;Roma;0;0;0;0;0;0;0;0;0;0;0;0;0;0;false
652;A;KALINIC;Verona;0;0;0;0;0;0;0;0;0;0;0;0;0;0;false
654;P;ALASTRA;Parma;0;0;0;0;0;0;0;0;0;0;0;0;0;0;false
662;D;ALEX SANDRO;Juventus;0;0;0;0;0;0;0;0;0;0;0;0;0;0;false
669;C;DONSAH;Bologna;0;0;0;0;0;0;0;0;0;0;0;0;0;0;false
673;P;PERISAN;Udinese;0;0;0;0;0;0;0;0;0;0;0;0;0;0;false
695;D;TOLOI;Atalanta;0;0;0;0;0;0;0;0;0;0;0;0;0;0;false
697;D;CUADRADO;Juventus;0;0;0;0;0;0;0;0;0;0;0;0;0;0;false
704;C;PERISIC;Inter;0;0;0;0;0;0;0;0;0;0;0;0;0;0;false
706;D;ANSALDI;Torino;0;0;0;0;0;0;0;0;0;0;0;0;0;0;false
729;D;PEREIRA P.;Crotone;0;0;0;0;0;0;0;0;0;0;0;0;0;0;false
761;P;AUDERO;Sampdoria;0;0;0;0;0;0;0;0;0;0;0;0;0;0;false
767;A;TUPTA;Verona;0;0;0;0;0;0;0;0;0;0;0;0;0;0;false
770;D;PEZZELLA GIU.;Parma;0;0;0;0;0;0;0;0;0;0;0;0;0;0;false
772;C;KRAGL;Benevento;0;0;0;0;0;0;0;0;0;0;0;0;0;0;false
779;C;CRISTANTE;Roma;0;0;0;0;0;0;0;0;0;0;0;0;0;0;false
785;A;IMMOBILE;Lazio;0;0;0;0;0;0;0;0;0;0;0;0;0;0;false
787;D;DJIMSITI;Atalanta;0;0;0;0;0;0;0;0;0;0;0;0;0;0;false
788;C;FREULER;Atalanta;0;0;0;0;0;0;0;0;0;0;0;0;0;0;false
790;D;SAMIR;Udinese;0;0;0;0;0;0;0;0;0;0;0;0;0;0;false
795;A;EL SHAARAWY;Roma;0;0;0;0;0;0;0;0;0;0;0;0;0;0;false
798;D;SKRINIAR;Inter;0;0;0;0;0;0;0;0;0;0;0;0;0;0;false
801;C;GAGLIARDINI;Inter;0;0;0;0;0;0;0;0;0;0;0;0;0;0;false
819;A;FAVILLI;Verona;0;0;0;0;0;0;0;0;0;0;0;0;0;0;false
824;D;ADJAPONG;Sassuolo;0;0;0;0;0;0;0;0;0;0;0;0;0;0;false
827;C;LOCATELLI;Sassuolo;0;0;0;0;0;0;0;0;0;0;0;0;0;0;false
1839;A;EDERA;Torino;0;0;0;0;0;0;0;0;0;0;0;0;0;0;false
1843;P;RADU I.;Inter;0;0;0;0;0;0;0;0;0;0;0;0;0;0;false
1847;D;CALDARA;Atalanta;0;0;0;0;0;0;0;0;0;0;0;0;0;0;false
1850;C;KESSIE';Milan;0;0;0;0;0;0;0;0;0;0;0;0;0;0;false
1851;C;MOLINA S.;Crotone;0;0;0;0;0;0;0;0;0;0;0;0;0;0;false
1852;D;SPINAZZOLA;Roma;0;0;0;0;0;0;0;0;0;0;0;0;0;0;false
1864;D;BRUNO ALVES;Parma;0;0;0;0;0;0;0;0;0;0;0;0;0;0;false
1866;D;CEPPITELLI;Cagliari;0;0;0;0;0;0;0;0;0;0;0;0;0;0;false
1868;D;MURRU;Torino;0;0;0;0;0;0;0;0;0;0;0;0;0;0;false
1869;D;PISACANE;Cagliari;0;0;0;0;0;0;0;0;0;0;0;0;0;0;false
1870;C;BARELLA;Inter;0;0;0;0;0;0;0;0;0;0;0;0;0;0;false
1871;C;DEIOLA;Cagliari;0;0;0;0;0;0;0;0;0;0;0;0;0;0;false
1874;A;JOAO PEDRO;Cagliari;0;0;0;0;0;0;0;0;0;0;0;0;0;0;false
1876;D;PAJAC;Cagliari;0;0;0;0;0;0;0;0;0;0;0;0;0;0;false
1879;A;FARIAS;Spezia;0;0;0;0;0;0;0;0;0;0;0;0;0;0;false
1882;A;SAU;Benevento;0;0;0;0;0;0;0;0;0;0;0;0;0;0;false
1889;P;CORDAZ;Crotone;0;0;0;0;0;0;0;0;0;0;0;0;0;0;false
1890;P;FESTA;Crotone;0;0;0;0;0;0;0;0;0;0;0;0;0;0;false
1891;D;CECCHERINI;Verona;0;0;0;0;0;0;0;0;0;0;0;0;0;0;false
1895;D;FERRARI G.;Sassuolo;0;0;0;0;0;0;0;0;0;0;0;0;0;0;false
1915;C;TELLO;Benevento;0;0;0;0;0;0;0;0;0;0;0;0;0;0;false
1917;P;DRAGOWSKI;Fiorentina;0;0;0;0;0;0;0;0;0;0;0;0;0;0;false
1921;P;ZIMA;Genoa;0;0;0;0;0;0;0;0;0;0;0;0;0;0;false
1930;P;PINSOGLIO;Juventus;0;0;0;0;0;0;0;0;0;0;0;0;0;0;false
1933;C;MANDRAGORA;Torino;0;0;0;0;0;0;0;0;0;0;0;0;0;0;false
1934;P;STRAKOSHA;Lazio;0;0;0;0;0;0;0;0;0;0;0;0;0;0;false
1939;A;LAPADULA;Benevento;0;0;0;0;0;0;0;0;0;0;0;0;0;0;false
1943;A;NESTOROVSKI;Udinese;0;0;0;0;0;0;0;0;0;0;0;0;0;0;false
1946;P;ARESTI;Cagliari;0;0;0;0;0;0;0;0;0;0;0;0;0;0;false
1950;D;MAZZOTTA;Crotone;0;0;0;0;0;0;0;0;0;0;0;0;0;0;false
1958;A;CAPRARI;Benevento;0;0;0;0;0;0;0;0;0;0;0;0;0;0;false
1974;A;SCHICK;Roma;0;0;0;0;0;0;0;0;0;0;0;0;0;0;false
1978;C;SENSI;Inter;0;0;0;0;0;0;0;0;0;0;0;0;0;0;false
1979;D;BARRECA;Fiorentina;0;0;0;0;0;0;0;0;0;0;0;0;0;0;false
1982;C;PARIGINI;Genoa;0;0;0;0;0;0;0;0;0;0;0;0;0;0;false
1987;C;JANKTO;Sampdoria;0;0;0;0;0;0;0;0;0;0;0;0;0;0;false
1995;C;DJURICIC;Sassuolo;0;0;0;0;0;0;0;0;0;0;0;0;0;0;false
1996;C;DE PAUL;Udinese;0;0;0;0;0;0;0;0;0;0;0;0;0;0;false
1997;A;SIMY;Crotone;0;0;0;0;0;0;0;0;0;0;0;0;0;0;false
1998;A;PJACA;Genoa;0;0;0;0;0;0;0;0;0;0;0;0;0;0;false
1999;D;LUKAKU J.;Lazio;0;0;0;0;0;0;0;0;0;0;0;0;0;0;false
2002;C;CHIESA;Juventus;0;0;0;0;0;0;0;0;0;0;0;0;0;0;false
2006;D;LIROLA;Fiorentina;0;0;0;0;0;0;0;0;0;0;0;0;0;0;false
2007;D;WALLACE;Lazio;0;0;0;0;0;0;0;0;0;0;0;0;0;0;false
2008;C;LINETTY;Torino;0;0;0;0;0;0;0;0;0;0;0;0;0;0;false
2009;C;LUKIC;Torino;0;0;0;0;0;0;0;0;0;0;0;0;0;0;false
2011;C;MIGUEL VELOSO;Verona;0;0;0;0;0;0;0;0;0;0;0;0;0;0;false
2012;A;MILIK;Napoli;0;0;0;0;0;0;0;0;0;0;0;0;0;0;false
2013;A;RICCI F.;Sassuolo;0;0;0;0;0;0;0;0;0;0;0;0;0;0;false
2016;D;FAZIO;Roma;0;0;0;0;0;0;0;0;0;0;0;0;0;0;false
2038;A;PINAMONTI;Inter;0;0;0;0;0;0;0;0;0;0;0;0;0;0;false
2061;A;SIMEONE;Cagliari;0;0;0;0;0;0;0;0;0;0;0;0;0;0;false
2062;D;BASTOS;Lazio;0;0;0;0;0;0;0;0;0;0;0;0;0;0;false
2075;C;CRISTOFORO;Fiorentina;0;0;0;0;0;0;0;0;0;0;0;0;0;0;false
2076;C;ROG;Cagliari;0;0;0;0;0;0;0;0;0;0;0;0;0;0;false
2077;C;PASALIC;Atalanta;0;0;0;0;0;0;0;0;0;0;0;0;0;0;false
2083;D;BIRASCHI;Genoa;0;0;0;0;0;0;0;0;0;0;0;0;0;0;false
2085;C;LUIS ALBERTO;Lazio;0;0;0;0;0;0;0;0;0;0;0;0;0;0;false
2087;D;OLIVERA M.;Fiorentina;0;0;0;0;0;0;0;0;0;0;0;0;0;0;false
2104;D;BERESZYNSKI;Sampdoria;0;0;0;0;0;0;0;0;0;0;0;0;0;0;false
2107;C;KIYINE;Lazio;0;0;0;0;0;0;0;0;0;0;0;0;0;0;false
2116;D;FARAGO';Bologna;0;0;0;0;0;0;0;0;0;0;0;0;0;0;false
2119;A;DEULOFEU;Udinese;0;0;0;0;0;0;0;0;0;0;0;0;0;0;false
2120;D;BASTONI;Inter;0;0;0;0;0;0;0;0;0;0;0;0;0;0;false
2121;C;MELEGONI;Genoa;0;0;0;0;0;0;0;0;0;0;0;0;0;0;false
2124;C;ZAJC;Genoa;0;0;0;0;0;0;0;0;0;0;0;0;0;0;false
2130;D;HATEBOER;Atalanta;0;0;0;0;0;0;0;0;0;0;0;0;0;0;false
2137;A;SCAMACCA;Genoa;0;0;0;0;0;0;0;0;0;0;0;0;0;0;false
2141;D;DEPAOLI;Benevento;0;0;0;0;0;0;0;0;0;0;0;0;0;0;false
2143;D;CUOMO;Crotone;0;0;0;0;0;0;0;0;0;0;0;0;0;0;false
2144;C;COULIBALY;Udinese;0;0;0;0;0;0;0;0;0;0;0;0;0;0;false
2154;A;VIGNATO;Bologna;0;0;0;0;0;0;0;0;0;0;0;0;0;0;false
2155;A;CUTRONE;Fiorentina;0;0;0;0;0;0;0;0;0;0;0;0;0;0;false
2160;D;GOSENS;Atalanta;0;0;0;0;0;0;0;0;0;0;0;0;0;0;false
2163;A;CORNELIUS;Parma;0;0;0;0;0;0;0;0;0;0;0;0;0;0;false
2164;D;MILENKOVIC;Fiorentina;0;0;0;0;0;0;0;0;0;0;0;0;0;0;false
2166;C;BENTANCUR;Juventus;0;0;0;0;0;0;0;0;0;0;0;0;0;0;false
2167;A;ORSOLINI;Bologna;0;0;0;0;0;0;0;0;0;0;0;0;0;0;false
2168;D;MUSACCHIO;Lazio;0;0;0;0;0;0;0;0;0;0;0;0;0;0;false
2169;D;RODRIGUEZ R.;Torino;0;0;0;0;0;0;0;0;0;0;0;0;0;0;false
2170;P;MILINKOVIC-SAVIC V.;Torino;0;0;0;0;0;0;0;0;0;0;0;0;0;0;false
2171;D;LYANCO;Torino;0;0;0;0;0;0;0;0;0;0;0;0;0;0;false
2172;C;BARAK;Verona;0;0;0;0;0;0;0;0;0;0;0;0;0;0;false
2174;D;VENUTI;Fiorentina;0;0;0;0;0;0;0;0;0;0;0;0;0;0;false
2178;P;CRAGNO;Cagliari;0;0;0;0;0;0;0;0;0;0;0;0;0;0;false
2179;P;SIRIGU;Torino;0;0;0;0;0;0;0;0;0;0;0;0;0;0;false
2180;D;KARSDORP;Roma;0;0;0;0;0;0;0;0;0;0;0;0;0;0;false
2181;D;PALOMINO;Atalanta;0;0;0;0;0;0;0;0;0;0;0;0;0;0;false
2188;C;MARUSIC;Lazio;0;0;0;0;0;0;0;0;0;0;0;0;0;0;false
2192;D;BONIFAZI;Udinese;0;0;0;0;0;0;0;0;0;0;0;0;0;0;false
2194;C;CALHANOGLU;Milan;0;0;0;0;0;0;0;0;0;0;0;0;0;0;false
2195;A;OUNAS;Crotone;0;0;0;0;0;0;0;0;0;0;0;0;0;0;false
2196;A;GALABINOV;Spezia;0;0;0;0;0;0;0;0;0;0;0;0;0;0;false
2197;D;CASTAGNE;Atalanta;0;0;0;0;0;0;0;0;0;0;0;0;0;0;false
2200;C;DOUGLAS COSTA;Juventus;0;0;0;0;0;0;0;0;0;0;0;0;0;0;false
2201;C;UNDER;Roma;0;0;0;0;0;0;0;0;0;0;0;0;0;0;false
2205;C;BERENGUER;Torino;0;0;0;0;0;0;0;0;0;0;0;0;0;0;false
2208;D;JAROSZYNSKI;Genoa;0;0;0;0;0;0;0;0;0;0;0;0;0;0;false
2209;C;LUCAS LEIVA;Lazio;0;0;0;0;0;0;0;0;0;0;0;0;0;0;false
2211;P;SILVESTRI;Verona;0;0;0;0;0;0;0;0;0;0;0;0;0;0;false
2213;C;CASSATA;Genoa;0;0;0;0;0;0;0;0;0;0;0;0;0;0;false
2214;D;KOLAROV;Inter;0;0;0;0;0;0;0;0;0;0;0;0;0;0;false
2215;C;VERETOUT;Roma;0;0;0;0;0;0;0;0;0;0;0;0;0;0;false
2244;C;DEL PINTO;Benevento;0;0;0;0;0;0;0;0;0;0;0;0;0;0;false
2252;D;MARCHIZZA;Spezia;0;0;0;0;0;0;0;0;0;0;0;0;0;0;false
2263;C;LAZZARI;Lazio;0;0;0;0;0;0;0;0;0;0;0;0;0;0;false
2264;C;MORA;Spezia;0;0;0;0;0;0;0;0;0;0;0;0;0;0;false
2265;C;SCHIATTARELLA;Benevento;0;0;0;0;0;0;0;0;0;0;0;0;0;0;false
2271;P;NICOLAS;Udinese;0;0;0;0;0;0;0;0;0;0;0;0;0;0;false
2279;D;ROMAGNA;Sassuolo;0;0;0;0;0;0;0;0;0;0;0;0;0;0;false
2280;D;NUYTINCK;Udinese;0;0;0;0;0;0;0;0;0;0;0;0;0;0;false
2284;A;CAICEDO;Lazio;0;0;0;0;0;0;0;0;0;0;0;0;0;0;false
2285;D;BANI;Parma;0;0;0;0;0;0;0;0;0;0;0;0;0;0;false
2286;C;CROCIATA;Crotone;0;0;0;0;0;0;0;0;0;0;0;0;0;0;false
2287;C;RAMIREZ;Sampdoria;0;0;0;0;0;0;0;0;0;0;0;0;0;0;false
2288;D;N'KOULOU;Torino;0;0;0;0;0;0;0;0;0;0;0;0;0;0;false
2289;D;DALBERT;Inter;0;0;0;0;0;0;0;0;0;0;0;0;0;0;false
2290;C;EYSSERIC;Fiorentina;0;0;0;0;0;0;0;0;0;0;0;0;0;0;false
2296;D;MANCINI;Roma;0;0;0;0;0;0;0;0;0;0;0;0;0;0;false
2297;P;ROSSI F.;Atalanta;0;0;0;0;0;0;0;0;0;0;0;0;0;0;false
2302;C;BEHRAMI;Genoa;0;0;0;0;0;0;0;0;0;0;0;0;0;0;false
2304;A;SALCEDO E.;Verona;0;0;0;0;0;0;0;0;0;0;0;0;0;0;false
2309;D;PEZZELLA GER.;Fiorentina;0;0;0;0;0;0;0;0;0;0;0;0;0;0;false
2315;D;STRYGER LARSEN;Udinese;0;0;0;0;0;0;0;0;0;0;0;0;0;0;false
2316;C;ZANELLATO;Crotone;0;0;0;0;0;0;0;0;0;0;0;0;0;0;false
2318;D;ROGERIO;Sassuolo;0;0;0;0;0;0;0;0;0;0;0;0;0;0;false
2325;A;KARAMOH;Parma;0;0;0;0;0;0;0;0;0;0;0;0;0;0;false
2327;A;STEPINSKI;Verona;0;0;0;0;0;0;0;0;0;0;0;0;0;0;false
2334;C;LERIS;Sampdoria;0;0;0;0;0;0;0;0;0;0;0;0;0;0;false
2335;D;LUIZ FELIPE;Lazio;0;0;0;0;0;0;0;0;0;0;0;0;0;0;false
2355;D;MARLON;Sassuolo;0;0;0;0;0;0;0;0;0;0;0;0;0;0;false
2357;C;CYPRIEN;Parma;0;0;0;0;0;0;0;0;0;0;0;0;0;0;false
2378;C;PASTORE;Roma;0;0;0;0;0;0;0;0;0;0;0;0;0;0;false
2379;C;RABIOT;Juventus;0;0;0;0;0;0;0;0;0;0;0;0;0;0;false
2391;C;EKDAL;Sampdoria;0;0;0;0;0;0;0;0;0;0;0;0;0;0;false
2392;C;WALACE;Udinese;0;0;0;0;0;0;0;0;0;0;0;0;0;0;false
2409;A;RIBERY;Fiorentina;0;0;0;0;0;0;0;0;0;0;0;0;0;0;false
2414;C;VIDAL;Inter;0;0;0;0;0;0;0;0;0;0;0;0;0;0;false
2468;P;OSPINA;Napoli;0;0;0;0;0;0;0;0;0;0;0;0;0;0;false
2472;C;RAMSEY;Juventus;0;0;0;0;0;0;0;0;0;0;0;0;0;0;false
2475;A;SANCHEZ;Inter;0;0;0;0;0;0;0;0;0;0;0;0;0;0;false
2489;A;PEDRO;Roma;0;0;0;0;0;0;0;0;0;0;0;0;0;0;false
2525;D;DARMIAN;Inter;0;0;0;0;0;0;0;0;0;0;0;0;0;0;false
2529;C;MKHITARYAN;Roma;0;0;0;0;0;0;0;0;0;0;0;0;0;0;false
2530;A;IBRAHIMOVIC;Milan;0;0;0;0;0;0;0;0;0;0;0;0;0;0;false
2531;A;LUKAKU;Inter;0;0;0;0;0;0;0;0;0;0;0;0;0;0;false
2556;C;ERIKSEN;Inter;0;0;0;0;0;0;0;0;0;0;0;0;0;0;false
2572;D;GODIN;Cagliari;0;0;0;0;0;0;0;0;0;0;0;0;0;0;false
2610;A;RONALDO;Juventus;0;0;0;0;0;0;0;0;0;0;0;0;0;0;false
2625;C;SORIANO;Bologna;0;0;0;0;0;0;0;0;0;0;0;0;0;0;false
2633;D;KJAER;Milan;0;0;0;0;0;0;0;0;0;0;0;0;0;0;false
2639;C;BAKAYOKO;Napoli;0;0;0;0;0;0;0;0;0;0;0;0;0;0;false
2653;D;LYKOGIANNIS;Cagliari;0;0;0;0;0;0;0;0;0;0;0;0;0;0;false
2659;C;DABO;Benevento;0;0;0;0;0;0;0;0;0;0;0;0;0;0;false
2664;D;EL YAMIQ;Genoa;0;0;0;0;0;0;0;0;0;0;0;0;0;0;false
2692;C;CASTILLEJO;Milan;0;0;0;0;0;0;0;0;0;0;0;0;0;0;false
2703;C;ADRIEN SILVA;Sampdoria;0;0;0;0;0;0;0;0;0;0;0;0;0;0;false
2707;D;YOUNG;Inter;0;0;0;0;0;0;0;0;0;0;0;0;0;0;false
2719;A;BARROW;Bologna;0;0;0;0;0;0;0;0;0;0;0;0;0;0;false
2722;P;RAVAGLIA F.;Bologna;0;0;0;0;0;0;0;0;0;0;0;0;0;0;false
2724;D;BUONGIORNO;Torino;0;0;0;0;0;0;0;0;0;0;0;0;0;0;false
2725;C;CALIGARA;Cagliari;0;0;0;0;0;0;0;0;0;0;0;0;0;0;false
2726;C;DANZI;Verona;0;0;0;0;0;0;0;0;0;0;0;0;0;0;false
2728;D;PELLEGRINI LU.;Genoa;0;0;0;0;0;0;0;0;0;0;0;0;0;0;false
2733;C;SANOGO;Benevento;0;0;0;0;0;0;0;0;0;0;0;0;0;0;false
2739;D;RECA;Crotone;0;0;0;0;0;0;0;0;0;0;0;0;0;0;false
2741;C;PESSINA;Atalanta;0;0;0;0;0;0;0;0;0;0;0;0;0;0;false
2743;A;SANTANDER;Bologna;0;0;0;0;0;0;0;0;0;0;0;0;0;0;false
2744;C;SVANBERG;Bologna;0;0;0;0;0;0;0;0;0;0;0;0;0;0;false
2745;D;CALABRESI;Cagliari;0;0;0;0;0;0;0;0;0;0;0;0;0;0;false
2746;D;DIJKS;Bologna;0;0;0;0;0;0;0;0;0;0;0;0;0;0;false
2747;D;PAZ;Bologna;0;0;0;0;0;0;0;0;0;0;0;0;0;0;false
2758;D;GUNTER;Verona;0;0;0;0;0;0;0;0;0;0;0;0;0;0;false
2759;D;CRISCITO;Genoa;0;0;0;0;0;0;0;0;0;0;0;0;0;0;false
2762;A;KOUAME';Fiorentina;0;0;0;0;0;0;0;0;0;0;0;0;0;0;false
2764;A;MARTINEZ L.;Inter;0;0;0;0;0;0;0;0;0;0;0;0;0;0;false
2766;C;ZANIOLO;Roma;0;0;0;0;0;0;0;0;0;0;0;0;0;0;false
2769;D;MAGNANI;Verona;0;0;0;0;0;0;0;0;0;0;0;0;0;0;false
2770;P;PROTO;Lazio;0;0;0;0;0;0;0;0;0;0;0;0;0;0;false
2773;A;SPROCATI;Parma;0;0;0;0;0;0;0;0;0;0;0;0;0;0;false
2775;C;RUIZ;Napoli;0;0;0;0;0;0;0;0;0;0;0;0;0;0;false
2776;A;YOUNES;Napoli;0;0;0;0;0;0;0;0;0;0;0;0;0;0;false
2779;C;KLUIVERT;Roma;0;0;0;0;0;0;0;0;0;0;0;0;0;0;false
2781;P;FUZATO;Roma;0;0;0;0;0;0;0;0;0;0;0;0;0;0;false
2784;D;COLLEY;Sampdoria;0;0;0;0;0;0;0;0;0;0;0;0;0;0;false
2788;D;BREMER;Torino;0;0;0;0;0;0;0;0;0;0;0;0;0;0;false
2789;C;MEITE';Milan;0;0;0;0;0;0;0;0;0;0;0;0;0;0;false
2790;P;ROSATI;Fiorentina;0;0;0;0;0;0;0;0;0;0;0;0;0;0;false
2792;P;MUSSO;Udinese;0;0;0;0;0;0;0;0;0;0;0;0;0;0;false
2794;A;MICIN;Udinese;0;0;0;0;0;0;0;0;0;0;0;0;0;0;false
2795;D;TER AVEST;Udinese;0;0;0;0;0;0;0;0;0;0;0;0;0;0;false
2798;P;DINI;Parma;0;0;0;0;0;0;0;0;0;0;0;0;0;0;false
2801;D;IACOPONI;Parma;0;0;0;0;0;0;0;0;0;0;0;0;0;0;false
2804;C;SCOZZARELLA;Parma;0;0;0;0;0;0;0;0;0;0;0;0;0;0;false
2814;P;PROVEDEL;Spezia;0;0;0;0;0;0;0;0;0;0;0;0;0;0;false
2815;P;TERRACCIANO;Fiorentina;0;0;0;0;0;0;0;0;0;0;0;0;0;0;false
2816;D;DI LORENZO;Napoli;0;0;0;0;0;0;0;0;0;0;0;0;0;0;false
2818;C;BENNACER;Milan;0;0;0;0;0;0;0;0;0;0;0;0;0;0;false
2819;A;CAPUTO;Sassuolo;0;0;0;0;0;0;0;0;0;0;0;0;0;0;false
2825;C;BOURABIA;Sassuolo;0;0;0;0;0;0;0;0;0;0;0;0;0;0;false
2826;A;PUSSETTO;Udinese;0;0;0;0;0;0;0;0;0;0;0;0;0;0;false
2832;A;BOGA;Sassuolo;0;0;0;0;0;0;0;0;0;0;0;0;0;0;false
2833;C;KULUSEVSKI;Juventus;0;0;0;0;0;0;0;0;0;0;0;0;0;0;false
2835;C;KINGSLEY;Bologna;0;0;0;0;0;0;0;0;0;0;0;0;0;0;false
2839;C;SOTTIL;Cagliari;0;0;0;0;0;0;0;0;0;0;0;0;0;0;false
2841;A;VLAHOVIC;Fiorentina;0;0;0;0;0;0;0;0;0;0;0;0;0;0;false
2845;P;CONTINI;Napoli;0;0;0;0;0;0;0;0;0;0;0;0;0;0;false
2848;C;FRATTESI;Sassuolo;0;0;0;0;0;0;0;0;0;0;0;0;0;0;false
2852;C;RICCARDI;Roma;0;0;0;0;0;0;0;0;0;0;0;0;0;0;false
2853;A;MONCINI;Benevento;0;0;0;0;0;0;0;0;0;0;0;0;0;0;false
2854;C;BRADARIC;Cagliari;0;0;0;0;0;0;0;0;0;0;0;0;0;0;false
2855;C;VIEIRA;Verona;0;0;0;0;0;0;0;0;0;0;0;0;0;0;false
2857;C;TRAORE' HJ.;Sassuolo;0;0;0;0;0;0;0;0;0;0;0;0;0;0;false
2860;D;MALCUIT;Fiorentina;0;0;0;0;0;0;0;0;0;0;0;0;0;0;false
2865;D;AINA;Torino;0;0;0;0;0;0;0;0;0;0;0;0;0;0;false
2869;D;DJIDJI;Crotone;0;0;0;0;0;0;0;0;0;0;0;0;0;0;false
2870;D;TROOST-EKONG;Udinese;0;0;0;0;0;0;0;0;0;0;0;0;0;0;false
2871;D;KLAVAN;Cagliari;0;0;0;0;0;0;0;0;0;0;0;0;0;0;false
2873;A;TEODORCZYK;Udinese;0;0;0;0;0;0;0;0;0;0;0;0;0;0;false
4160;D;HAKIMI;Inter;0;0;0;0;0;0;0;0;0;0;0;0;0;0;false
4237;D;DANILO;Juventus;0;0;0;0;0;0;0;0;0;0;0;0;0;0;false
4242;D;DALOT;Milan;0;0;0;0;0;0;0;0;0;0;0;0;0;0;false
4245;D;SMALLING;Roma;0;0;0;0;0;0;0;0;0;0;0;0;0;0;false
4249;C;PEREIRA A.;Lazio;0;0;0;0;0;0;0;0;0;0;0;0;0;0;false
4285;C;ARTHUR;Juventus;0;0;0;0;0;0;0;0;0;0;0;0;0;0;false
4287;C;LOBOTKA;Napoli;0;0;0;0;0;0;0;0;0;0;0;0;0;0;false
4292;D;HERNANDEZ T.;Milan;0;0;0;0;0;0;0;0;0;0;0;0;0;0;false
4307;D;ROMERO;Atalanta;0;0;0;0;0;0;0;0;0;0;0;0;0;0;false
4322;C;PAQUETA';Milan;0;0;0;0;0;0;0;0;0;0;0;0;0;0;false
4323;D;ZEEGELAAR;Udinese;0;0;0;0;0;0;0;0;0;0;0;0;0;0;false
4324;A;OKAKA;Udinese;0;0;0;0;0;0;0;0;0;0;0;0;0;0;false
4327;C;OLIVA;Cagliari;0;0;0;0;0;0;0;0;0;0;0;0;0;0;false
4330;C;LERAGER;Genoa;0;0;0;0;0;0;0;0;0;0;0;0;0;0;false
4331;D;IBANEZ;Roma;0;0;0;0;0;0;0;0;0;0;0;0;0;0;false
4332;D;DEMIRAL;Juventus;0;0;0;0;0;0;0;0;0;0;0;0;0;0;false
4333;A;DESPODOV;Cagliari;0;0;0;0;0;0;0;0;0;0;0;0;0;0;false
4335;A;SCHIAPPACASSE;Sassuolo;0;0;0;0;0;0;0;0;0;0;0;0;0;0;false
4346;A;MILLICO;Torino;0;0;0;0;0;0;0;0;0;0;0;0;0;0;false
4349;C;NICOLUSSI CAVIGLIA;Parma;0;0;0;0;0;0;0;0;0;0;0;0;0;0;false
4351;P;BRANCOLINI;Fiorentina;0;0;0;0;0;0;0;0;0;0;0;0;0;0;false
4353;C;MONTIEL;Fiorentina;0;0;0;0;0;0;0;0;0;0;0;0;0;0;false
4359;A;PICCOLI;Spezia;0;0;0;0;0;0;0;0;0;0;0;0;0;0;false
4365;D;CORBO;Bologna;0;0;0;0;0;0;0;0;0;0;0;0;0;0;false
4366;D;ARMINI;Lazio;0;0;0;0;0;0;0;0;0;0;0;0;0;0;false
4368;A;JUWARA;Bologna;0;0;0;0;0;0;0;0;0;0;0;0;0;0;false
4370;C;PORTANOVA;Genoa;0;0;0;0;0;0;0;0;0;0;0;0;0;0;false
4371;A;RASPADORI;Sassuolo;0;0;0;0;0;0;0;0;0;0;0;0;0;0;false
4374;D;WALUKIEWICZ;Cagliari;0;0;0;0;0;0;0;0;0;0;0;0;0;0;false
4377;C;CASTROVILLI;Fiorentina;0;0;0;0;0;0;0;0;0;0;0;0;0;0;false
4384;C;JAGIELLO;Genoa;0;0;0;0;0;0;0;0;0;0;0;0;0;0;false
4387;A;ADORANTE;Parma;0;0;0;0;0;0;0;0;0;0;0;0;0;0;false
4388;A;ADEKANYE;Lazio;0;0;0;0;0;0;0;0;0;0;0;0;0;0;false
4390;C;ANDERSON D.;Lazio;0;0;0;0;0;0;0;0;0;0;0;0;0;0;false
4393;C;SCHOUTEN;Bologna;0;0;0;0;0;0;0;0;0;0;0;0;0;0;false
4397;D;VAVRO;Lazio;0;0;0;0;0;0;0;0;0;0;0;0;0;0;false
4401;D;GABBIA;Milan;0;0;0;0;0;0;0;0;0;0;0;0;0;0;false
4403;D;CHABOT;Spezia;0;0;0;0;0;0;0;0;0;0;0;0;0;0;false
4404;C;THORSBY;Sampdoria;0;0;0;0;0;0;0;0;0;0;0;0;0;0;false
4406;D;TRIPALDELLI;Cagliari;0;0;0;0;0;0;0;0;0;0;0;0;0;0;false
4407;D;IGOR;Fiorentina;0;0;0;0;0;0;0;0;0;0;0;0;0;0;false
4409;D;RRAHMANI;Napoli;0;0;0;0;0;0;0;0;0;0;0;0;0;0;false
4411;C;AGOUME;Spezia;0;0;0;0;0;0;0;0;0;0;0;0;0;0;false
4412;D;RODRIGO BECAO;Udinese;0;0;0;0;0;0;0;0;0;0;0;0;0;0;false
4414;D;DENSWIL;Bologna;0;0;0;0;0;0;0;0;0;0;0;0;0;0;false
4415;A;SKOV OLSEN;Bologna;0;0;0;0;0;0;0;0;0;0;0;0;0;0;false
4419;P;PAU LOPEZ;Roma;0;0;0;0;0;0;0;0;0;0;0;0;0;0;false
4420;D;BOCCHETTI;Verona;0;0;0;0;0;0;0;0;0;0;0;0;0;0;false
4421;D;AUGELLO;Sampdoria;0;0;0;0;0;0;0;0;0;0;0;0;0;0;false
4422;D;TOMIYASU;Bologna;0;0;0;0;0;0;0;0;0;0;0;0;0;0;false
4423;C;HERNANI;Parma;0;0;0;0;0;0;0;0;0;0;0;0;0;0;false
4424;C;JONY;Lazio;0;0;0;0;0;0;0;0;0;0;0;0;0;0;false
4426;D;TOLJAN;Sassuolo;0;0;0;0;0;0;0;0;0;0;0;0;0;0;false
4427;C;MALINOVSKYI;Atalanta;0;0;0;0;0;0;0;0;0;0;0;0;0;0;false
4428;D;DE LIGT;Juventus;0;0;0;0;0;0;0;0;0;0;0;0;0;0;false
4431;P;CARNESECCHI;Atalanta;0;0;0;0;0;0;0;0;0;0;0;0;0;0;false
4435;A;COLLEY E.;Verona;0;0;0;0;0;0;0;0;0;0;0;0;0;0;false
4449;C;TONALI;Milan;0;0;0;0;0;0;0;0;0;0;0;0;0;0;false
4453;A;TORREGROSSA;Sampdoria;0;0;0;0;0;0;0;0;0;0;0;0;0;0;false
4454;D;PINNA;Cagliari;0;0;0;0;0;0;0;0;0;0;0;0;0;0;false
4459;C;ROVELLA;Genoa;0;0;0;0;0;0;0;0;0;0;0;0;0;0;false
4461;D;ZAPPA;Cagliari;0;0;0;0;0;0;0;0;0;0;0;0;0;0;false
4463;A;ESPOSITO;Inter;0;0;0;0;0;0;0;0;0;0;0;0;0;0;false
4465;C;FAGIOLI;Juventus;0;0;0;0;0;0;0;0;0;0;0;0;0;0;false
4479;C;ELMAS;Napoli;0;0;0;0;0;0;0;0;0;0;0;0;0;0;false
4487;D;FERIGRA;Torino;0;0;0;0;0;0;0;0;0;0;0;0;0;0;false
4489;A;RAUTI;Torino;0;0;0;0;0;0;0;0;0;0;0;0;0;0;false
4491;P;BERARDI A.;Verona;0;0;0;0;0;0;0;0;0;0;0;0;0;0;false
4493;D;DAWIDOWICZ;Verona;0;0;0;0;0;0;0;0;0;0;0;0;0;0;false
4494;D;EMPEREUR;Verona;0;0;0;0;0;0;0;0;0;0;0;0;0;0;false
4495;D;KUMBULLA;Roma;0;0;0;0;0;0;0;0;0;0;0;0;0;0;false
4498;C;HENDERSON L.;Verona;0;0;0;0;0;0;0;0;0;0;0;0;0;0;false
4500;A;DI CARMINE;Crotone;0;0;0;0;0;0;0;0;0;0;0;0;0;0;false
4501;C;OBIANG;Sassuolo;0;0;0;0;0;0;0;0;0;0;0;0;0;0;false
4510;A;RAFAEL LEAO;Milan;0;0;0;0;0;0;0;0;0;0;0;0;0;0;false
4511;D;DUARTE;Milan;0;0;0;0;0;0;0;0;0;0;0;0;0;0;false
4512;C;SCHONE;Genoa;0;0;0;0;0;0;0;0;0;0;0;0;0;0;false
4514;C;NANDEZ;Cagliari;0;0;0;0;0;0;0;0;0;0;0;0;0;0;false
4515;C;AGUDELO;Spezia;0;0;0;0;0;0;0;0;0;0;0;0;0;0;false
4517;A;LOZANO;Napoli;0;0;0;0;0;0;0;0;0;0;0;0;0;0;false
4519;D;CETIN;Verona;0;0;0;0;0;0;0;0;0;0;0;0;0;0;false
4520;P;LETICA;Sampdoria;0;0;0;0;0;0;0;0;0;0;0;0;0;0;false
4521;D;MULDUR;Sassuolo;0;0;0;0;0;0;0;0;0;0;0;0;0;0;false
4522;C;AMRABAT;Fiorentina;0;0;0;0;0;0;0;0;0;0;0;0;0;0;false
4523;P;AVOGADRI;Sampdoria;0;0;0;0;0;0;0;0;0;0;0;0;0;0;false
4529;D;ANKERSEN;Genoa;0;0;0;0;0;0;0;0;0;0;0;0;0;0;false
4530;D;KYRIAKOPOULOS;Sassuolo;0;0;0;0;0;0;0;0;0;0;0;0;0;0;false
4661;A;OSIMHEN;Napoli;0;0;0;0;0;0;0;0;0;0;0;0;0;0;false
4681;C;LOPEZ M.;Sassuolo;0;0;0;0;0;0;0;0;0;0;0;0;0;0;false
4725;C;DEMME;Napoli;0;0;0;0;0;0;0;0;0;0;0;0;0;0;false
4751;D;TOMORI;Milan;0;0;0;0;0;0;0;0;0;0;0;0;0;0;false
4825;C;DIAZ B.;Milan;0;0;0;0;0;0;0;0;0;0;0;0;0;0;false
4862;A;DIALLO;Atalanta;0;0;0;0;0;0;0;0;0;0;0;0;0;0;false
4867;P;TURATI;Sassuolo;0;0;0;0;0;0;0;0;0;0;0;0;0;0;false
4869;C;DOMINGUEZ;Bologna;0;0;0;0;0;0;0;0;0;0;0;0;0;0;false
4881;D;CZYBORRA;Genoa;0;0;0;0;0;0;0;0;0;0;0;0;0;0;false
4883;P;BREZA;Bologna;0;0;0;0;0;0;0;0;0;0;0;0;0;0;false
4884;A;CARLES PEREZ;Roma;0;0;0;0;0;0;0;0;0;0;0;0;0;0;false
4885;C;VILLAR;Roma;0;0;0;0;0;0;0;0;0;0;0;0;0;0;false
4886;C;PEREIRO;Cagliari;0;0;0;0;0;0;0;0;0;0;0;0;0;0;false
4887;D;BELLANOVA;Atalanta;0;0;0;0;0;0;0;0;0;0;0;0;0;0;false
4888;D;SUTALO;Atalanta;0;0;0;0;0;0;0;0;0;0;0;0;0;0;false
4890;C;TAMEZE;Verona;0;0;0;0;0;0;0;0;0;0;0;0;0;0;false
4891;D;SOUMAORO;Bologna;0;0;0;0;0;0;0;0;0;0;0;0;0;0;false
4892;C;SAELEMAEKERS;Milan;0;0;0;0;0;0;0;0;0;0;0;0;0;0;false
4894;A;HARASLIN;Sassuolo;0;0;0;0;0;0;0;0;0;0;0;0;0;0;false
4895;D;YOSHIDA;Sampdoria;0;0;0;0;0;0;0;0;0;0;0;0;0;0;false
4896;C;MALDINI;Milan;0;0;0;0;0;0;0;0;0;0;0;0;0;0;false
4897;D;PIROLA;Inter;0;0;0;0;0;0;0;0;0;0;0;0;0;0;false
4899;D;SINGO;Torino;0;0;0;0;0;0;0;0;0;0;0;0;0;0;false
4917;D;PRODL;Udinese;0;0;0;0;0;0;0;0;0;0;0;0;0;0;false
4919;C;BALDURSSON;Bologna;0;0;0;0;0;0;0;0;0;0;0;0;0;0;false
4921;C;ASKILDSEN;Sampdoria;0;0;0;0;0;0;0;0;0;0;0;0;0;0;false
4923;A;COLOMBO;Milan;0;0;0;0;0;0;0;0;0;0;0;0;0;0;false
4925;D;CARBONI;Cagliari;0;0;0;0;0;0;0;0;0;0;0;0;0;0;false
4929;P;CIOCCI;Cagliari;0;0;0;0;0;0;0;0;0;0;0;0;0;0;false
4934;D;LOVATO;Verona;0;0;0;0;0;0;0;0;0;0;0;0;0;0;false
4935;C;LADINETTI;Cagliari;0;0;0;0;0;0;0;0;0;0;0;0;0;0;false
4938;A;MORO;Lazio;0;0;0;0;0;0;0;0;0;0;0;0;0;0;false
4940;A;GAGLIANO;Cagliari;0;0;0;0;0;0;0;0;0;0;0;0;0;0;false
4945;D;CALAFIORI;Roma;0;0;0;0;0;0;0;0;0;0;0;0;0;0;false
4946;D;FRABOTTA;Juventus;0;0;0;0;0;0;0;0;0;0;0;0;0;0;false
4948;A;VRIONI;Juventus;0;0;0;0;0;0;0;0;0;0;0;0;0;0;false
4950;D;DALLE MURA;Fiorentina;0;0;0;0;0;0;0;0;0;0;0;0;0;0;false
4953;C;PALUMBO;Udinese;0;0;0;0;0;0;0;0;0;0;0;0;0;0;false
4955;P;GORI P.;Benevento;0;0;0;0;0;0;0;0;0;0;0;0;0;0;false
4956;P;MANFREDINI;Benevento;0;0;0;0;0;0;0;0;0;0;0;0;0;0;false
4957;P;MONTIPO';Benevento;0;0;0;0;0;0;0;0;0;0;0;0;0;0;false
4958;D;CALDIROLA;Benevento;0;0;0;0;0;0;0;0;0;0;0;0;0;0;false
4959;D;FOULON;Benevento;0;0;0;0;0;0;0;0;0;0;0;0;0;0;false
4960;D;TUIA;Benevento;0;0;0;0;0;0;0;0;0;0;0;0;0;0;false
4961;D;VOLTA;Benevento;0;0;0;0;0;0;0;0;0;0;0;0;0;0;false
4962;A;IMPROTA;Benevento;0;0;0;0;0;0;0;0;0;0;0;0;0;0;false
4963;A;INSIGNE R.;Benevento;0;0;0;0;0;0;0;0;0;0;0;0;0;0;false
4964;P;VICARIO;Cagliari;0;0;0;0;0;0;0;0;0;0;0;0;0;0;false
4965;C;MARIN;Cagliari;0;0;0;0;0;0;0;0;0;0;0;0;0;0;false
4966;D;GIGLIOTTI;Crotone;0;0;0;0;0;0;0;0;0;0;0;0;0;0;false
4967;D;GOLEMIC;Crotone;0;0;0;0;0;0;0;0;0;0;0;0;0;0;false
4968;C;GOMELT;Crotone;0;0;0;0;0;0;0;0;0;0;0;0;0;0;false
4969;C;MUSTACCHIO;Crotone;0;0;0;0;0;0;0;0;0;0;0;0;0;0;false
4970;A;MESSIAS;Crotone;0;0;0;0;0;0;0;0;0;0;0;0;0;0;false
4972;D;VAGIANNIDIS;Inter;0;0;0;0;0;0;0;0;0;0;0;0;0;0;false
4973;C;MCKENNIE;Juventus;0;0;0;0;0;0;0;0;0;0;0;0;0;0;false
4975;C;ESCALANTE;Lazio;0;0;0;0;0;0;0;0;0;0;0;0;0;0;false
4976;D;KALULU;Milan;0;0;0;0;0;0;0;0;0;0;0;0;0;0;false
4977;P;RAVAGLIA;Sampdoria;0;0;0;0;0;0;0;0;0;0;0;0;0;0;false
4978;C;DAMSGAARD;Sampdoria;0;0;0;0;0;0;0;0;0;0;0;0;0;0;false
4979;D;AYHAN;Sassuolo;0;0;0;0;0;0;0;0;0;0;0;0;0;0;false
4980;P;DESJARDINS;Spezia;0;0;0;0;0;0;0;0;0;0;0;0;0;0;false
4981;P;KRAPIKAS;Spezia;0;0;0;0;0;0;0;0;0;0;0;0;0;0;false
4982;D;ERLIC;Spezia;0;0;0;0;0;0;0;0;0;0;0;0;0;0;false
4983;D;FERRER;Spezia;0;0;0;0;0;0;0;0;0;0;0;0;0;0;false
4984;D;RAMOS;Spezia;0;0;0;0;0;0;0;0;0;0;0;0;0;0;false
4985;D;VIGNALI;Spezia;0;0;0;0;0;0;0;0;0;0;0;0;0;0;false
4986;C;ACAMPORA;Spezia;0;0;0;0;0;0;0;0;0;0;0;0;0;0;false
4987;C;BARTOLOMEI;Spezia;0;0;0;0;0;0;0;0;0;0;0;0;0;0;false
4988;C;MAGGIORE;Spezia;0;0;0;0;0;0;0;0;0;0;0;0;0;0;false
4989;C;MASTINU;Spezia;0;0;0;0;0;0;0;0;0;0;0;0;0;0;false
4990;C;RICCI M.;Spezia;0;0;0;0;0;0;0;0;0;0;0;0;0;0;false
4991;A;GUDJOHNSEN;Spezia;0;0;0;0;0;0;0;0;0;0;0;0;0;0;false
4992;A;GYASI;Spezia;0;0;0;0;0;0;0;0;0;0;0;0;0;0;false
4994;D;VOJVODA;Torino;0;0;0;0;0;0;0;0;0;0;0;0;0;0;false
4995;C;SEGRE;Torino;0;0;0;0;0;0;0;0;0;0;0;0;0;0;false
4996;P;PANDUR;Verona;0;0;0;0;0;0;0;0;0;0;0;0;0;0;false
4997;D;RUEGG;Verona;0;0;0;0;0;0;0;0;0;0;0;0;0;0;false
4998;D;MOLINA N.;Udinese;0;0;0;0;0;0;0;0;0;0;0;0;0;0;false
4999;D;OUWEJAN;Udinese;0;0;0;0;0;0;0;0;0;0;0;0;0;0;false
5000;D;MAGALLAN;Crotone;0;0;0;0;0;0;0;0;0;0;0;0;0;0;false
5001;C;MIRANCHUK;Atalanta;0;0;0;0;0;0;0;0;0;0;0;0;0;0;false
5002;C;VULIC;Crotone;0;0;0;0;0;0;0;0;0;0;0;0;0;0;false
5003;A;KARGBO;Crotone;0;0;0;0;0;0;0;0;0;0;0;0;0;0;false
5004;A;FORESTIERI;Udinese;0;0;0;0;0;0;0;0;0;0;0;0;0;0;false
5005;P;ZOET;Spezia;0;0;0;0;0;0;0;0;0;0;0;0;0;0;false
5006;D;PICCINI;Atalanta;0;0;0;0;0;0;0;0;0;0;0;0;0;0;false
5007;C;ILIC;Verona;0;0;0;0;0;0;0;0;0;0;0;0;0;0;false
5008;C;EDUARDO HENRIQUE;Crotone;0;0;0;0;0;0;0;0;0;0;0;0;0;0;false
5009;A;RIVIERE;Crotone;0;0;0;0;0;0;0;0;0;0;0;0;0;0;false
5010;D;ISMAJLI;Spezia;0;0;0;0;0;0;0;0;0;0;0;0;0;0;false
5011;A;DRAGUS;Crotone;0;0;0;0;0;0;0;0;0;0;0;0;0;0;false
5012;A;MURIQI;Lazio;0;0;0;0;0;0;0;0;0;0;0;0;0;0;false
5013;A;ASORO;Genoa;0;0;0;0;0;0;0;0;0;0;0;0;0;0;false
5060;A;AKE' M.;Juventus;0;0;0;0;0;0;0;0;0;0;0;0;0;0;false
5086;A;ZIRKZEE;Parma;0;0;0;0;0;0;0;0;0;0;0;0;0;0;false
5233;A;MAYORAL;Roma;0;0;0;0;0;0;0;0;0;0;0;0;0;0;false
5286;C;AKPA AKPRO;Lazio;0;0;0;0;0;0;0;0;0;0;0;0;0;0;false
5287;C;ARSLAN;Udinese;0;0;0;0;0;0;0;0;0;0;0;0;0;0;false
5289;P;CRESPI;Crotone;0;0;0;0;0;0;0;0;0;0;0;0;0;0;false
5290;C;ESTEVEZ;Spezia;0;0;0;0;0;0;0;0;0;0;0;0;0;0;false
5292;A;LAMMERS;Atalanta;0;0;0;0;0;0;0;0;0;0;0;0;0;0;false
5293;D;MOJICA;Atalanta;0;0;0;0;0;0;0;0;0;0;0;0;0;0;false
5297;A;LUVUMBO;Cagliari;0;0;0;0;0;0;0;0;0;0;0;0;0;0;false
5298;C;POBEGA;Spezia;0;0;0;0;0;0;0;0;0;0;0;0;0;0;false
5300;D;HICKEY;Bologna;0;0;0;0;0;0;0;0;0;0;0;0;0;0;false
5303;A;MALES;Genoa;0;0;0;0;0;0;0;0;0;0;0;0;0;0;false
5304;P;BOER;Roma;0;0;0;0;0;0;0;0;0;0;0;0;0;0;false
5306;P;ALIA;Lazio;0;0;0;0;0;0;0;0;0;0;0;0;0;0;false
5307;D;VALENTI;Parma;0;0;0;0;0;0;0;0;0;0;0;0;0;0;false
5310;A;HAUGE;Milan;0;0;0;0;0;0;0;0;0;0;0;0;0;0;false
5311;A;SHOMURODOV;Genoa;0;0;0;0;0;0;0;0;0;0;0;0;0;0;false
5312;C;LEO' SENA;Spezia;0;0;0;0;0;0;0;0;0;0;0;0;0;0;false
5315;C;PALUMBO A.;Sampdoria;0;0;0;0;0;0;0;0;0;0;0;0;0;0;false
5316;D;AMIONE;Verona;0;0;0;0;0;0;0;0;0;0;0;0;0;0;false
5317;C;BRUNETTA;Parma;0;0;0;0;0;0;0;0;0;0;0;0;0;0;false
5318;C;TRAMONI M.;Cagliari;0;0;0;0;0;0;0;0;0;0;0;0;0;0;false
5319;C;SOHM;Parma;0;0;0;0;0;0;0;0;0;0;0;0;0;0;false
5320;P;PALEARI;Genoa;0;0;0;0;0;0;0;0;0;0;0;0;0;0;false
5322;A;MIHAILA;Parma;0;0;0;0;0;0;0;0;0;0;0;0;0;0;false
5323;D;MARTINEZ QUARTA;Fiorentina;0;0;0;0;0;0;0;0;0;0;0;0;0;0;false
5326;D;BUSI;Parma;0;0;0;0;0;0;0;0;0;0;0;0;0;0;false
5327;D;OSORIO;Parma;0;0;0;0;0;0;0;0;0;0;0;0;0;0;false
5328;C;GOJAK;Torino;0;0;0;0;0;0;0;0;0;0;0;0;0;0;false
5329;C;MAKENGO;Udinese;0;0;0;0;0;0;0;0;0;0;0;0;0;0;false
5331;C;BASIT;Benevento;0;0;0;0;0;0;0;0;0;0;0;0;0;0;false
5332;D;BASTONI S.;Spezia;0;0;0;0;0;0;0;0;0;0;0;0;0;0;false
5333;P;GASPARINI;Udinese;0;0;0;0;0;0;0;0;0;0;0;0;0;0;false
5336;A;NZOLA;Spezia;0;0;0;0;0;0;0;0;0;0;0;0;0;0;false
5338;P;RINALDI;Parma;0;0;0;0;0;0;0;0;0;0;0;0;0;0;false
5341;C;EBOA EBONGUE;Genoa;0;0;0;0;0;0;0;0;0;0;0;0;0;0;false
5345;P;FARELLI;Roma;0;0;0;0;0;0;0;0;0;0;0;0;0;0;false
5346;C;ROJAS;Crotone;0;0;0;0;0;0;0;0;0;0;0;0;0;0;false
5352;A;DI SERIO;Benevento;0;0;0;0;0;0;0;0;0;0;0;0;0;0;false
5353;D;BALOGH;Parma;0;0;0;0;0;0;0;0;0;0;0;0;0;0;false
5354;D;RUGGERI;Atalanta;0;0;0;0;0;0;0;0;0;0;0;0;0;0;false
5355;D;UDOGIE;Verona;0;0;0;0;0;0;0;0;0;0;0;0;0;0;false
5359;D;KHAILOTI;Bologna;0;0;0;0;0;0;0;0;0;0;0;0;0;0;false
5360;A;VERGANI;Bologna;0;0;0;0;0;0;0;0;0;0;0;0;0;0;false
5361;A;RABBI;Bologna;0;0;0;0;0;0;0;0;0;0;0;0;0;0;false
5362;A;PAGLIUCA;Bologna;0;0;0;0;0;0;0;0;0;0;0;0;0;0;false
5363;C;GYABUAA;Atalanta;0;0;0;0;0;0;0;0;0;0;0;0;0;0;false
5364;A;CASO;Genoa;0;0;0;0;0;0;0;0;0;0;0;0;0;0;false
5365;D;DRAGUSIN;Juventus;0;0;0;0;0;0;0;0;0;0;0;0;0;0;false
5368;A;YEBOAH;Verona;0;0;0;0;0;0;0;0;0;0;0;0;0;0;false
5375;D;MAEHLE;Atalanta;0;0;0;0;0;0;0;0;0;0;0;0;0;0;false
5376;D;PASTINA;Benevento;0;0;0;0;0;0;0;0;0;0;0;0;0;0;false
5377;D;RICCI G.;Parma;0;0;0;0;0;0;0;0;0;0;0;0;0;0;false
5378;A;ODDEI;Sassuolo;0;0;0;0;0;0;0;0;0;0;0;0;0;0;false
5379;D;ONGUENE';Genoa;0;0;0;0;0;0;0;0;0;0;0;0;0;0;false
5380;A;CIOFFI;Napoli;0;0;0;0;0;0;0;0;0;0;0;0;0;0;false
5381;D;DIERCKX;Parma;0;0;0;0;0;0;0;0;0;0;0;0;0;0;false
5385;D;ZAGARITIS;Parma;0;0;0;0;0;0;0;0;0;0;0;0;0;0;false
5391;A;KOKORIN;Fiorentina;0;0;0;0;0;0;0;0;0;0;0;0;0;0;false
5393;A;MAN;Parma;0;0;0;0;0;0;0;0;0;0;0;0;0;0;false
5394;A;GAICH;Benevento;0;0;0;0;0;0;0;0;0;0;0;0;0;0;false
5395;A;BRAAF;Udinese;0;0;0;0;0;0;0;0;0;0;0;0;0;0;false
5397;C;KOVALENKO;Atalanta;0;0;0;0;0;0;0;0;0;0;0;0;0;0;false
5398;D;REYNOLDS;Roma;0;0;0;0;0;0;0;0;0;0;0;0;0;0;false
5399;D;ANTOV;Bologna;0;0;0;0;0;0;0;0;0;0;0;0;0;0;false
5401;A;PELLE';Parma;0;0;0;0;0;0;0;0;0;0;0;0;0;0;false
5406;D;DI PARDO;Juventus;0;0;0;0;0;0;0;0;0;0;0;0;0;0;false
5408;D;GHISLANDI;Atalanta;0;0;0;0;0;0;0;0;0;0;0;0;0;0;false
5414;A;KARAMOKO IS.;Sassuolo;0;0;0;0;0;0;0;0;0;0;0;0;0;0;false
5415;A;TRAORE' C.;Parma;0;0;0;0;0;0;0;0;0;0;0;0;0;0;false
5419;A;CORREIA;Juventus;0;0;0;0;0;0;0;0;0;0;0;0;0;0;false
5420;C;DARBOE;Roma;0;0;0;0;0;0;0;0;0;0;0;0;0;0;false
5421;C;CAMARA D.;Parma;0;0;0;0;0;0;0;0;0;0;0;0;0;0;false
5422;C;ZALEWSKI;Roma;0;0;0;0;0;0;0;0;0;0;0;0;0;0;false
5423;C;BOVE;Roma;0;0;0;0;0;0;0;0;0;0;0;0;0;0;false
5424;D;AMEY;Bologna;0;0;0;0;0;0;0;0;0;0;0;0;0;0;false
5425;C;URBANSKI;Bologna;0;0;0;0;0;0;0;0;0;0;0;0;0;0;false
5436;A;RAIMONDO;Bologna;0;0;0;0;0;0;0;0;0;0;0;0;0;0;false
5438;C;KOSZNOVSZKY;Parma;0;0;0;0;0;0;0;0;0;0;0;0;0;0;false
5439;A;KALLON;Genoa;0;0;0;0;0;0;0;0;0;0;0;0;0;0;false
5442;C;BERTINI;Lazio;0;0;0;0;0;0;0;0;0;0;0;0;0;0;false
5443;C;DIAMBO;Benevento;0;0;0;0;0;0;0;0;0;0;0;0;0;0;false